Dataset,RMSE,MAE,R2
Validation_Persistence,0.016521156494941125,0.011087531725803018,0.9618357176208923
Test_Persistence,0.016677481785327575,0.012101885666919065,0.9566068254219818
